Datum,Uhrze,Valutadatum,Produkt,ISIN,Beschreibung,FX,Änderung,,Saldo,,Order-ID
13-06-2025,10:30,13-06-2025,,,Auszahlung von Ihrem Geldkonto bei der flatexDEGIRO Bank: 1’712.81 CHF,,,,CHF,0.52,
13-06-2025,10:30,13-06-2025,,,Degiro Cash Sweep Transfer,,CHF,1712.81,CHF,1713.33,
13-06-2025,09:01,13-06-2025,ISHARES CORE CORP BOND UCITS ETF EUR,IE00B3F81R35,DEGIRO Transaktionsgebühren und/oder Fremdkosten,,CHF,-2.81,CHF,0.52,b49aa459-57d6-42e9-985b-2a2dd5ddf096
13-06-2025,09:01,13-06-2025,ISHARES CORE CORP BOND UCITS ETF EUR,IE00B3F81R35,Kauf 9 zu je 114 CHF (IE00B3F81R35),,CHF,-1026.00,CHF,3.33,b49aa459-57d6-42e9-985b-2a2dd5ddf096
13-06-2025,09:01,13-06-2025,ISHARES CORE CORP BOND UCITS ETF EUR,IE00B3F81R35,Kauf 6 zu je 114 CHF (IE00B3F81R35),,CHF,-684.00,CHF,1029.33,b49aa459-57d6-42e9-985b-2a2dd5ddf096
12-06-2025,16:20,12-06-2025,,,Auszahlung von Ihrem Geldkonto bei der flatexDEGIRO Bank: 1’406.78 CHF,,,,CHF,1713.33,
12-06-2025,16:20,12-06-2025,,,Degiro Cash Sweep Transfer,,CHF,1406.78,CHF,3120.11,
12-06-2025,15:45,12-06-2025,WISDOMTREE EUROPE DEFENCE UCITS ETF,IE0002Y8CX98,Währungswechsel (Einbuchung),1.0600,EUR,1488.25,EUR,0.00,e2ac8417-b920-4a79-9d12-0074de3152a6
12-06-2025,15:45,12-06-2025,WISDOMTREE EUROPE DEFENCE UCITS ETF,IE0002Y8CX98,Währungswechsel (Ausbuchung),,CHF,-1403.95,CHF,1713.33,e2ac8417-b920-4a79-9d12-0074de3152a6
12-06-2025,15:45,12-06-2025,WISDOMTREE EUROPE DEFENCE UCITS ETF,IE0002Y8CX98,DEGIRO Transaktionsgebühren und/oder Fremdkosten,,CHF,-2.83,CHF,3117.28,e2ac8417-b920-4a79-9d12-0074de3152a6
12-06-2025,15:45,12-06-2025,WISDOMTREE EUROPE DEFENCE UCITS ETF,IE0002Y8CX98,Kauf 50 zu je 29.765 EUR (IE0002Y8CX98),,EUR,-1488.25,EUR,-1488.25,e2ac8417-b920-4a79-9d12-0074de3152a6
12-06-2025,09:45,12-06-2025,,,Überweisung auf Ihr Geldkonto bei der flatexDEGIRO Bank: 3’000 CHF,,,,CHF,3120.11,
12-06-2025,09:45,12-06-2025,,,Degiro Cash Sweep Transfer,,CHF,-3000.00,CHF,120.11,
12-06-2025,08:36,11-06-2025,,,Einzahlung,,CHF,3000.00,CHF,3120.11,
04-06-2025,10:30,04-06-2025,,,Degiro Cash Sweep Transfer,,CHF,1622.31,CHF,120.11,
04-06-2025,10:30,04-06-2025,,,Auszahlung von Ihrem Geldkonto bei der flatexDEGIRO Bank: 1’622.31 CHF,,,,CHF,-1502.20,
04-06-2025,09:04,04-06-2025,XTRACKERS II EUROZONE GOV BOND 1-3,LU0290356871,Währungswechsel (Einbuchung),1.0654,EUR,1725.35,EUR,0.00,11a4a317-ced9-4fdc-8e47-109610ecb04d
04-06-2025,09:04,04-06-2025,XTRACKERS II EUROZONE GOV BOND 1-3,LU0290356871,Währungswechsel (Ausbuchung),,CHF,-1619.49,CHF,120.11,11a4a317-ced9-4fdc-8e47-109610ecb04d
04-06-2025,09:04,04-06-2025,XTRACKERS II EUROZONE GOV BOND 1-3,LU0290356871,DEGIRO Transaktionsgebühren und/oder Fremdkosten,,CHF,-2.82,CHF,1739.60,11a4a317-ced9-4fdc-8e47-109610ecb04d
04-06-2025,09:04,04-06-2025,XTRACKERS II EUROZONE GOV BOND 1-3,LU0290356871,Kauf 10 zu je 172.535 EUR (LU0290356871),,EUR,-1725.35,EUR,-1725.35,11a4a317-ced9-4fdc-8e47-109610ecb04d
02-06-2025,10:31,02-06-2025,,,Degiro Cash Sweep Transfer,,CHF,2029.72,CHF,1742.42,
02-06-2025,10:31,02-06-2025,,,Auszahlung von Ihrem Geldkonto bei der flatexDEGIRO Bank: 2’029.72 CHF,,,,CHF,-287.30,
02-06-2025,09:04,02-06-2025,ISHARES EURO DIVIDEND UCITS ETF EUR,IE00B0M62S72,Währungswechsel (Einbuchung),1.0671,EUR,1112.00,EUR,0.00,fa17553a-7d6e-4ae8-9ec1-9f45edb6bb69
02-06-2025,09:04,02-06-2025,ISHARES EURO DIVIDEND UCITS ETF EUR,IE00B0M62S72,Währungswechsel (Ausbuchung),,CHF,-1042.10,CHF,1742.42,fa17553a-7d6e-4ae8-9ec1-9f45edb6bb69
02-06-2025,09:04,02-06-2025,ISHARES EURO DIVIDEND UCITS ETF EUR,IE00B0M62S72,DEGIRO Transaktionsgebühren und/oder Fremdkosten,,CHF,-2.81,CHF,2784.52,fa17553a-7d6e-4ae8-9ec1-9f45edb6bb69
02-06-2025,09:04,02-06-2025,ISHARES EURO DIVIDEND UCITS ETF EUR,IE00B0M62S72,Kauf 50 zu je 22.24 EUR (IE00B0M62S72),,EUR,-1112.00,EUR,-1112.00,fa17553a-7d6e-4ae8-9ec1-9f45edb6bb69
02-06-2025,09:00,02-06-2025,ISHARES CORE CHF CORPORATE BOND ETF,CH0226976816,DEGIRO Transaktionsgebühren und/oder Fremdkosten,,CHF,-2.81,CHF,2787.33,fa891037-c6ed-41bf-82b4-41ebdec5a5bf
02-06-2025,09:00,02-06-2025,ISHARES CORE CHF CORPORATE BOND ETF,CH0226976816,Kauf 10 zu je 98.2 CHF (CH0226976816),,CHF,-982.00,CHF,2790.14,fa891037-c6ed-41bf-82b4-41ebdec5a5bf
30-05-2025,07:33,30-05-2025,,,Degiro Cash Sweep Transfer,,CHF,-28.87,CHF,3772.14,
30-05-2025,07:33,30-05-2025,,,Überweisung auf Ihr Geldkonto bei der flatexDEGIRO Bank: 28.87 CHF,,,,CHF,3801.01,
30-05-2025,06:31,29-05-2025,,,Währungswechsel (Einbuchung),,CHF,28.87,CHF,3772.14,
30-05-2025,06:31,29-05-2025,,,Währungswechsel (Ausbuchung),1.0717,EUR,-30.94,EUR,0.00,
29-05-2025,07:24,28-05-2025,PORSCHE AUTOMOBIL HOLDING SE,DE000PAH0038,Dividende,,EUR,42.02,EUR,30.94,
29-05-2025,07:24,28-05-2025,PORSCHE AUTOMOBIL HOLDING SE,DE000PAH0038,Dividendensteuer,,EUR,-11.08,EUR,-11.08,
21-05-2025,07:30,21-05-2025,,,Überweisung auf Ihr Geldkonto bei der flatexDEGIRO Bank: 44.42 CHF,,,,CHF,3743.27,
21-05-2025,07:30,21-05-2025,,,Degiro Cash Sweep Transfer,,CHF,-44.42,CHF,3698.85,
21-05-2025,06:31,20-05-2025,,,Währungswechsel (Einbuchung),,CHF,44.42,CHF,3743.27,
21-05-2025,06:31,20-05-2025,,,Währungswechsel (Ausbuchung),1.0725,EUR,-47.64,EUR,0.00,
20-05-2025,07:16,19-05-2025,BAYERISCHE MOTOREN WERKE AG ST,DE0005190003,Dividendensteuer,,EUR,-5.67,EUR,47.64,
20-05-2025,07:16,19-05-2025,BAYERISCHE MOTOREN WERKE AG ST,DE0005190003,Dividende,,EUR,21.50,EUR,53.31,
20-05-2025,07:14,19-05-2025,BMW AG PREFERRED,DE0005190037,Dividende,,EUR,43.20,EUR,31.81,
20-05-2025,07:14,19-05-2025,BMW AG PREFERRED,DE0005190037,Dividendensteuer,,EUR,-11.39,EUR,-11.39,
19-05-2025,05:01,19-05-2025,,,Überweisung auf Ihr Geldkonto bei der flatexDEGIRO Bank: 83.44 CHF,,,,CHF,3698.85,
19-05-2025,05:01,19-05-2025,,,Degiro Cash Sweep Transfer,,CHF,-83.44,CHF,3615.41,
18-05-2025,06:30,16-05-2025,,,Währungswechsel (Einbuchung),,CHF,83.44,CHF,3698.85,
18-05-2025,06:30,16-05-2025,,,Währungswechsel (Ausbuchung),1.0721,EUR,-89.45,EUR,0.00,
18-05-2025,00:17,16-05-2025,RHEINMETALL AG,DE0007030009,Dividendensteuer,,EUR,-32.05,EUR,89.45,
18-05-2025,00:17,16-05-2025,RHEINMETALL AG,DE0007030009,Dividende,,EUR,121.50,EUR,121.50,
14-05-2025,07:32,14-05-2025,,,Überweisung auf Ihr Geldkonto bei der flatexDEGIRO Bank: 44.48 CHF,,,,CHF,3615.41,
14-05-2025,07:32,14-05-2025,,,Degiro Cash Sweep Transfer,,CHF,-44.48,CHF,3570.93,
14-05-2025,06:32,13-05-2025,,,Währungswechsel (Einbuchung),,CHF,44.48,CHF,3615.41,
14-05-2025,06:32,13-05-2025,,,Währungswechsel (Ausbuchung),1.0678,EUR,-47.49,EUR,0.00,
13-05-2025,07:19,12-05-2025,MERCEDES-BENZ GROUP AG,DE0007100000,Dividende,,EUR,64.50,EUR,47.49,
13-05-2025,07:19,12-05-2025,MERCEDES-BENZ GROUP AG,DE0007100000,Dividendensteuer,,EUR,-17.01,EUR,-17.01,
12-05-2025,10:50,12-05-2025,,,Überweisung auf Ihr Geldkonto bei der flatexDEGIRO Bank: 3’000 CHF,,,,CHF,3570.93,
12-05-2025,10:50,12-05-2025,,,Degiro Cash Sweep Transfer,,CHF,-3000.00,CHF,570.93,
12-05-2025,08:40,09-05-2025,,,Einzahlung,,CHF,3000.00,CHF,3570.93,
08-05-2025,07:33,08-05-2025,,,Überweisung auf Ihr Geldkonto bei der flatexDEGIRO Bank: 11.62 CHF,,,,CHF,570.93,
08-05-2025,07:33,08-05-2025,,,Degiro Cash Sweep Transfer,,CHF,-11.62,CHF,559.31,
08-05-2025,06:32,07-05-2025,,,Währungswechsel (Einbuchung),,CHF,11.62,CHF,570.93,
08-05-2025,06:32,07-05-2025,,,Währungswechsel (Ausbuchung),1.0770,EUR,-12.51,EUR,0.00,
07-05-2025,07:37,06-05-2025,ASML HOLDING NV,NL0010273215,Dividende,,EUR,14.72,EUR,12.51,
07-05-2025,07:37,06-05-2025,ASML HOLDING NV,NL0010273215,Dividendensteuer,,EUR,-2.21,EUR,-2.21,
28-04-2025,10:30,28-04-2025,,,Auszahlung von Ihrem Geldkonto bei der flatexDEGIRO Bank: 679.41 CHF,,,,CHF,559.31,
28-04-2025,10:30,28-04-2025,,,Degiro Cash Sweep Transfer,,CHF,679.41,CHF,1238.72,
28-04-2025,09:00,28-04-2025,AIRBUS SE,NL0000235190,Währungswechsel (Einbuchung),1.0596,EUR,715.00,EUR,0.00,4f8f529f-ff2a-4e8a-a6c9-386531f61725
28-04-2025,09:00,28-04-2025,AIRBUS SE,NL0000235190,Währungswechsel (Ausbuchung),,CHF,-674.79,CHF,559.31,4f8f529f-ff2a-4e8a-a6c9-386531f61725
28-04-2025,09:00,28-04-2025,AIRBUS SE,NL0000235190,DEGIRO Transaktionsgebühren und/oder Fremdkosten,,CHF,-4.62,CHF,1234.10,4f8f529f-ff2a-4e8a-a6c9-386531f61725
28-04-2025,09:00,28-04-2025,AIRBUS SE,NL0000235190,Kauf 5 zu je 143 EUR (NL0000235190),,EUR,-715.00,EUR,-715.00,4f8f529f-ff2a-4e8a-a6c9-386531f61725
25-04-2025,09:33,25-04-2025,,,Überweisung auf Ihr Geldkonto bei der flatexDEGIRO Bank: 1.69 CHF,,,,CHF,1238.72,
25-04-2025,09:33,25-04-2025,,,Degiro Cash Sweep Transfer,,CHF,-1.69,CHF,1237.03,
25-04-2025,08:16,24-04-2025,UBS ETF (CH) SLI (CHF) A DIS,CH0032912732,Dividende,,CHF,2.60,CHF,1238.72,
25-04-2025,08:16,24-04-2025,UBS ETF (CH) SLI (CHF) A DIS,CH0032912732,Dividendensteuer,,CHF,-0.91,CHF,1236.12,
17-04-2025,10:30,17-04-2025,,,Auszahlung von Ihrem Geldkonto bei der flatexDEGIRO Bank: 2’688.88 CHF,,,,CHF,1237.03,
17-04-2025,10:30,17-04-2025,,,Degiro Cash Sweep Transfer,,CHF,2688.88,CHF,3925.91,
17-04-2025,09:04,17-04-2025,ASML HOLDING NV,NL0010273215,Währungswechsel (Einbuchung),1.0733,EUR,2881.00,EUR,0.00,407dd101-fc73-4acd-906c-b6165d5c394f
17-04-2025,09:04,17-04-2025,ASML HOLDING NV,NL0010273215,Währungswechsel (Ausbuchung),,CHF,-2684.31,CHF,1237.03,407dd101-fc73-4acd-906c-b6165d5c394f
17-04-2025,09:04,17-04-2025,ASML HOLDING NV,NL0010273215,DEGIRO Transaktionsgebühren und/oder Fremdkosten,,CHF,-4.57,CHF,3921.34,407dd101-fc73-4acd-906c-b6165d5c394f
17-04-2025,09:04,17-04-2025,ASML HOLDING NV,NL0010273215,Kauf 5 zu je 576.2 EUR (NL0010273215),,EUR,-2881.00,EUR,-2881.00,407dd101-fc73-4acd-906c-b6165d5c394f
10-04-2025,07:51,10-04-2025,,,Überweisung auf Ihr Geldkonto bei der flatexDEGIRO Bank: 21.02 CHF,,,,CHF,3925.91,
10-04-2025,07:51,10-04-2025,,,Degiro Cash Sweep Transfer,,CHF,-21.02,CHF,3904.89,
10-04-2025,06:35,09-04-2025,,,Währungswechsel (Einbuchung),,CHF,21.02,CHF,3925.91,
10-04-2025,06:35,09-04-2025,,,Währungswechsel (Ausbuchung),1.1692,USD,-24.58,USD,0.00,
09-04-2025,10:51,08-04-2025,ADR ON NOVO NORDISK A/S,US6701002056,ADR/GDR Weitergabegebühr,,USD,-0.45,USD,24.58,
09-04-2025,07:17,08-04-2025,ADR ON NOVO NORDISK A/S,US6701002056,Dividende,,USD,34.28,USD,25.03,
09-04-2025,07:17,08-04-2025,ADR ON NOVO NORDISK A/S,US6701002056,Dividendensteuer,,USD,-9.25,USD,-9.25,
06-04-2025,12:32,31-03-2025,,,Flatex Interest Income,,CHF,0.00,CHF,3904.89,
06-04-2025,10:30,31-03-2025,,,Flatex Interest Income,,EUR,0.00,EUR,0.00,
02-04-2025,01:38,01-04-2025,,,Überweisung auf Ihr Geldkonto bei der flatexDEGIRO Bank: 1’297.13 CHF,,,,CHF,3904.89,
02-04-2025,01:38,01-04-2025,,,Degiro Cash Sweep Transfer,,CHF,-1297.13,CHF,2607.76,
01-04-2025,17:03,01-04-2025,UBS ETF (IE) BLOOMBERG COMMODITY,IE00B598DX38,DEGIRO Transaktionsgebühren und/oder Fremdkosten,,CHF,-2.87,CHF,3904.89,a03d8666-991e-407a-be45-dcbbaee5cb47
01-04-2025,17:03,01-04-2025,UBS ETF (IE) BLOOMBERG COMMODITY,IE00B598DX38,Verkauf 25 zu je 52 CHF (IE00B598DX38),,CHF,1300.00,CHF,3907.76,a03d8666-991e-407a-be45-dcbbaee5cb47
01-04-2025,08:40,01-04-2025,,,Überweisung auf Ihr Geldkonto bei der flatexDEGIRO Bank: 1.74 CHF,,,,CHF,2607.76,
01-04-2025,08:40,01-04-2025,,,Degiro Cash Sweep Transfer,,CHF,-1.74,CHF,2606.02,
01-04-2025,07:57,31-03-2025,UBS ETF (CH) SLI (CHF) A DIS,CH0032912732,Dividende,,CHF,2.68,CHF,2607.76,
01-04-2025,07:57,31-03-2025,UBS ETF (CH) SLI (CHF) A DIS,CH0032912732,Dividendensteuer,,CHF,-0.94,CHF,2605.08,
20-03-2025,10:50,20-03-2025,,,Auszahlung von Ihrem Geldkonto bei der flatexDEGIRO Bank: 13’085.41 CHF,,,,CHF,2606.02,
20-03-2025,10:50,20-03-2025,,,Degiro Cash Sweep Transfer,,CHF,13085.41,CHF,15691.43,
20-03-2025,09:00,20-03-2025,RHEINMETALL AG,DE0007030009,Währungswechsel (Einbuchung),1.0450,EUR,13670.00,EUR,0.00,a5ab644f-8f56-4a97-9e01-04461b3b9e33
20-03-2025,09:00,20-03-2025,RHEINMETALL AG,DE0007030009,Währungswechsel (Ausbuchung),,CHF,-13080.72,CHF,2606.02,a5ab644f-8f56-4a97-9e01-04461b3b9e33
20-03-2025,09:00,20-03-2025,RHEINMETALL AG,DE0007030009,DEGIRO Transaktionsgebühren und/oder Fremdkosten,,CHF,-4.69,CHF,15686.74,a5ab644f-8f56-4a97-9e01-04461b3b9e33
20-03-2025,09:00,20-03-2025,RHEINMETALL AG,DE0007030009,Kauf 10 zu je 1’367 EUR (DE0007030009),,EUR,-13670.00,EUR,-13670.00,a5ab644f-8f56-4a97-9e01-04461b3b9e33
17-03-2025,04:25,17-03-2025,,,Überweisung auf Ihr Geldkonto bei der flatexDEGIRO Bank: 3.73 CHF,,,,CHF,15691.43,
17-03-2025,04:25,17-03-2025,,,Degiro Cash Sweep Transfer,,CHF,-3.73,CHF,15687.70,
15-03-2025,06:38,14-03-2025,,,Währungswechsel (Einbuchung),,CHF,3.73,CHF,15691.43,
15-03-2025,06:38,14-03-2025,,,Währungswechsel (Ausbuchung),1.1326,USD,-4.23,USD,0.00,
14-03-2025,08:50,14-03-2025,,,Überweisung auf Ihr Geldkonto bei der flatexDEGIRO Bank: 1.85 CHF,,,,CHF,15687.70,
14-03-2025,08:50,14-03-2025,,,Degiro Cash Sweep Transfer,,CHF,-1.85,CHF,15685.85,
14-03-2025,07:44,13-03-2025,UBS ETF (CH) SLI (CHF) A DIS,CH0032912732,Dividendensteuer,,CHF,-0.99,CHF,15687.70,
14-03-2025,07:44,13-03-2025,UBS ETF (CH) SLI (CHF) A DIS,CH0032912732,Dividende,,CHF,2.84,CHF,15688.69,
14-03-2025,07:33,13-03-2025,MICROSOFT CORP,US5949181045,Dividendensteuer,,USD,-0.75,USD,4.23,
14-03-2025,07:33,13-03-2025,MICROSOFT CORP,US5949181045,Dividende,,USD,4.98,USD,4.98,
01-03-2025,12:40,28-02-2025,,,Degiro Cash Sweep Transfer,,CHF,-484.00,CHF,15685.85,
01-03-2025,12:40,28-02-2025,,,Überweisung auf Ihr Geldkonto bei der flatexDEGIRO Bank: 484 CHF,,,,CHF,16169.85,
28-02-2025,15:31,28-02-2025,NOVARTIS AG,CH0012005267,DEGIRO Transaktionsgebühren und/oder Fremdkosten,,CHF,-6.00,CHF,15685.85,4678641c-477a-4a85-83ad-bd131aedf62d
28-02-2025,15:31,28-02-2025,NOVARTIS AG,CH0012005267,Verkauf 5 zu je 98 CHF (CH0012005267),,CHF,490.00,CHF,15691.85,4678641c-477a-4a85-83ad-bd131aedf62d
28-02-2025,01:54,27-02-2025,,,Degiro Cash Sweep Transfer,,CHF,-2579.02,CHF,15201.85,
28-02-2025,01:54,27-02-2025,,,Überweisung auf Ihr Geldkonto bei der flatexDEGIRO Bank: 2’579.02 CHF,,,,CHF,17780.87,
27-02-2025,19:12,27-02-2025,,,Degiro Cash Sweep Transfer,,CHF,-3397.55,CHF,15201.85,
27-02-2025,19:12,27-02-2025,,,Überweisung auf Ihr Geldkonto bei der flatexDEGIRO Bank: 3’397.55 CHF,,,,CHF,18599.40,
27-02-2025,17:42,27-02-2025,MICROSOFT CORP,US5949181045,Währungswechsel (Ausbuchung),1.1155,USD,-2407.20,USD,0.00,e0743ff6-bebb-4b32-9ded-fbd0b72c52dd
27-02-2025,17:42,27-02-2025,MICROSOFT CORP,US5949181045,Währungswechsel (Einbuchung),,CHF,2157.96,CHF,15201.85,e0743ff6-bebb-4b32-9ded-fbd0b72c52dd
27-02-2025,17:42,27-02-2025,MICROSOFT CORP,US5949181045,DEGIRO Transaktionsgebühren und/oder Fremdkosten,,CHF,-1.88,CHF,13043.89,e0743ff6-bebb-4b32-9ded-fbd0b72c52dd
27-02-2025,17:42,27-02-2025,MICROSOFT CORP,US5949181045,Verkauf 6 zu je 401.2 USD (US5949181045),,USD,2407.20,USD,2407.20,e0743ff6-bebb-4b32-9ded-fbd0b72c52dd
27-02-2025,15:30,27-02-2025,ISHARES DIGITAL SECURITY UCITS ETF USD,IE00BG0J4C88,Währungswechsel (Ausbuchung),1.0675,EUR,-452.50,EUR,0.00,fd088eaf-853e-4834-af84-9c930701febb
27-02-2025,15:30,27-02-2025,ISHARES DIGITAL SECURITY UCITS ETF USD,IE00BG0J4C88,Währungswechsel (Einbuchung),,CHF,423.88,CHF,13045.77,fd088eaf-853e-4834-af84-9c930701febb
27-02-2025,15:30,27-02-2025,ISHARES DIGITAL SECURITY UCITS ETF USD,IE00BG0J4C88,DEGIRO Transaktionsgebühren und/oder Fremdkosten,,CHF,-0.94,CHF,12621.89,fd088eaf-853e-4834-af84-9c930701febb
27-02-2025,15:30,27-02-2025,ISHARES DIGITAL SECURITY UCITS ETF USD,IE00BG0J4C88,Verkauf 50 zu je 9.05 EUR (IE00BG0J4C88),,EUR,452.50,EUR,452.50,fd088eaf-853e-4834-af84-9c930701febb
27-02-2025,14:04,27-02-2025,BURCKHARDT COMPRESSION HOLDING AG,CH0025536027,DEGIRO Transaktionsgebühren und/oder Fremdkosten,,CHF,-6.00,CHF,12622.83,b9212dd7-0159-406f-9ece-b7b4030f55f2
27-02-2025,14:04,27-02-2025,BURCKHARDT COMPRESSION HOLDING AG,CH0025536027,Verkauf 1 zu je 633 CHF (CH0025536027),,CHF,633.00,CHF,12628.83,b9212dd7-0159-406f-9ece-b7b4030f55f2
27-02-2025,14:04,27-02-2025,BURCKHARDT COMPRESSION HOLDING AG,CH0025536027,Verkauf 1 zu je 633 CHF (CH0025536027),,CHF,633.00,CHF,11995.83,b9212dd7-0159-406f-9ece-b7b4030f55f2
27-02-2025,13:21,27-02-2025,VANECK MORNINGSTAR DEVELOPED,NL0011683594,Währungswechsel (Ausbuchung),1.0657,EUR,-1329.15,EUR,0.00,fd950887-11ea-4234-ab14-e5cdb3c5d38c
27-02-2025,13:21,27-02-2025,VANECK MORNINGSTAR DEVELOPED,NL0011683594,Währungswechsel (Einbuchung),,CHF,1247.21,CHF,11362.83,fd950887-11ea-4234-ab14-e5cdb3c5d38c
27-02-2025,13:21,27-02-2025,VANECK MORNINGSTAR DEVELOPED,NL0011683594,DEGIRO Transaktionsgebühren und/oder Fremdkosten,,CHF,-2.83,CHF,10115.62,fd950887-11ea-4234-ab14-e5cdb3c5d38c
27-02-2025,13:21,27-02-2025,VANECK MORNINGSTAR DEVELOPED,NL0011683594,Verkauf 30 zu je 44.305 EUR (NL0011683594),,EUR,1329.15,EUR,1329.15,fd950887-11ea-4234-ab14-e5cdb3c5d38c
27-02-2025,10:54,27-02-2025,VANGUARD FTSE ALL-WORLD UCITS ETF,IE00B3RBWM25,DEGIRO Transaktionsgebühren und/oder Fremdkosten,,CHF,-2.83,CHF,10118.45,4ed6360c-6037-4617-
,,,,,,,,,,,8a02-3e328c9de414
27-02-2025,10:54,27-02-2025,VANGUARD FTSE ALL-WORLD UCITS ETF,IE00B3RBWM25,Verkauf 7 zu je 128 CHF (IE00B3RBWM25),,CHF,896.00,CHF,10121.28,4ed6360c-6037-4617-8a02-3e328c9de414
26-02-2025,19:00,26-02-2025,,,Degiro Cash Sweep Transfer,,CHF,-1826.41,CHF,9225.28,
26-02-2025,19:00,26-02-2025,,,Überweisung auf Ihr Geldkonto bei der flatexDEGIRO Bank: 1’826.41 CHF,,,,CHF,11051.69,
26-02-2025,09:02,26-02-2025,UBS ETF (IE) MSCI WORLD UCITS ETF (USD),IE00B7KQ7B66,DEGIRO Transaktionsgebühren und/oder Fremdkosten,,CHF,-2.82,CHF,9225.28,6be6b9aa-fc18-47e7-a7c6-f33798ba5cbe
26-02-2025,09:02,26-02-2025,UBS ETF (IE) MSCI WORLD UCITS ETF (USD),IE00B7KQ7B66,Verkauf 15 zu je 86 CHF (IE00B7KQ7B66),,CHF,1290.00,CHF,9228.10,6be6b9aa-fc18-47e7-a7c6-f33798ba5cbe
26-02-2025,09:02,26-02-2025,FLATEXDEGIRO AG,DE000FTG1111,Währungswechsel (Ausbuchung),1.0682,EUR,-576.00,EUR,0.00,b53add2c-9561-44dc-bdfe-51ec70df0791
26-02-2025,09:02,26-02-2025,FLATEXDEGIRO AG,DE000FTG1111,Währungswechsel (Einbuchung),,CHF,539.23,CHF,7938.10,b53add2c-9561-44dc-bdfe-51ec70df0791
26-02-2025,09:02,26-02-2025,FLATEXDEGIRO AG,DE000FTG1111,Verkauf 30 zu je 19.2 EUR (DE000FTG1111),,EUR,576.00,EUR,576.00,b53add2c-9561-44dc-bdfe-51ec70df0791
26-02-2025,03:20,25-02-2025,,,Degiro Cash Sweep Transfer,,CHF,-3014.28,CHF,7398.87,
26-02-2025,03:20,25-02-2025,,,Überweisung auf Ihr Geldkonto bei der flatexDEGIRO Bank: 3’014.28 CHF,,,,CHF,10413.15,
25-02-2025,12:57,25-02-2025,DEUTSCHE POST AG,DE0005552004,Währungswechsel (Ausbuchung),1.0675,EUR,-1417.40,EUR,0.00,2fb048e7-7366-4a81-a502-01468b27b69a
25-02-2025,12:57,25-02-2025,DEUTSCHE POST AG,DE0005552004,Währungswechsel (Einbuchung),,CHF,1327.76,CHF,7398.87,2fb048e7-7366-4a81-a502-01468b27b69a
25-02-2025,12:57,25-02-2025,DEUTSCHE POST AG,DE0005552004,DEGIRO Transaktionsgebühren und/oder Fremdkosten,,CHF,-4.61,CHF,6071.11,2fb048e7-7366-4a81-a502-01468b27b69a
25-02-2025,12:57,25-02-2025,DEUTSCHE POST AG,DE0005552004,Verkauf 38 zu je 37.3 EUR (DE0005552004),,EUR,1417.40,EUR,1417.40,2fb048e7-7366-4a81-a502-01468b27b69a
25-02-2025,12:56,25-02-2025,XTRACKERS DAX UCITS ETF 1C,LU0274211480,Währungswechsel (Ausbuchung),1.0675,EUR,-1479.10,EUR,0.00,30b4eed7-ea8d-47a7-a869-8a05a67b7fd4
25-02-2025,12:56,25-02-2025,XTRACKERS DAX UCITS ETF 1C,LU0274211480,Währungswechsel (Einbuchung),,CHF,1385.56,CHF,6075.72,30b4eed7-ea8d-47a7-a869-8a05a67b7fd4
25-02-2025,12:56,25-02-2025,XTRACKERS DAX UCITS ETF 1C,LU0274211480,DEGIRO Transaktionsgebühren und/oder Fremdkosten,,CHF,-2.82,CHF,4690.16,30b4eed7-ea8d-47a7-a869-8a05a67b7fd4
25-02-2025,12:56,25-02-2025,XTRACKERS DAX UCITS ETF 1C,LU0274211480,Verkauf 7 zu je 211.3 EUR (LU0274211480),,EUR,1479.10,EUR,1479.10,30b4eed7-ea8d-47a7-a869-8a05a67b7fd4
25-02-2025,12:55,25-02-2025,DEUTSCHE LUFTHANSA AG,DE0008232125,Währungswechsel (Ausbuchung),1.0677,EUR,-334.20,EUR,0.00,1fa90de8-9ada-48b8-8850-aea801f8c803
25-02-2025,12:55,25-02-2025,DEUTSCHE LUFTHANSA AG,DE0008232125,Währungswechsel (Einbuchung),,CHF,313.00,CHF,4692.98,1fa90de8-9ada-48b8-8850-aea801f8c803
25-02-2025,12:55,25-02-2025,DEUTSCHE LUFTHANSA AG,DE0008232125,DEGIRO Transaktionsgebühren und/oder Fremdkosten,,CHF,-4.61,CHF,4379.98,1fa90de8-9ada-48b8-8850-aea801f8c803
25-02-2025,12:55,25-02-2025,DEUTSCHE LUFTHANSA AG,DE0008232125,Verkauf 50 zu je 6.684 EUR (DE0008232125),,EUR,334.20,EUR,334.20,1fa90de8-9ada-48b8-8850-aea801f8c803
25-02-2025,03:02,24-02-2025,,,Degiro Cash Sweep Transfer,,CHF,-58.62,CHF,4384.59,
25-02-2025,03:02,24-02-2025,,,Überweisung auf Ihr Geldkonto bei der flatexDEGIRO Bank: 58.62 CHF,,,,CHF,4443.21,
24-02-2025,20:13,24-02-2025,,,Degiro Cash Sweep Transfer,,CHF,-4080.19,CHF,4384.59,
24-02-2025,20:13,24-02-2025,,,Überweisung auf Ihr Geldkonto bei der flatexDEGIRO Bank: 4’080.19 CHF,,,,CHF,8464.78,
24-02-2025,15:30,24-02-2025,SUNRUN INC,US86771W1053,Währungswechsel (Ausbuchung),1.1161,USD,-67.52,USD,0.00,e2a9bada-8c9e-4803-8d68-2cc5c3d48c52
24-02-2025,15:30,24-02-2025,SUNRUN INC,US86771W1053,Währungswechsel (Einbuchung),,CHF,60.50,CHF,4384.59,e2a9bada-8c9e-4803-8d68-2cc5c3d48c52
24-02-2025,15:30,24-02-2025,SUNRUN INC,US86771W1053,DEGIRO Transaktionsgebühren und/oder Fremdkosten,,CHF,-1.88,CHF,4324.09,e2a9bada-8c9e-4803-8d68-2cc5c3d48c52
24-02-2025,15:30,24-02-2025,SUNRUN INC,US86771W1053,Verkauf 8 zu je 8.44 USD (US86771W1053),,USD,67.52,USD,67.52,e2a9bada-8c9e-4803-8d68-2cc5c3d48c52
24-02-2025,14:55,24-02-2025,INVESCO EQQQ NASDAQ-100 UCITS ETF DIST,IE0032077012,Währungswechsel (Ausbuchung),1.0658,EUR,-2538.00,EUR,0.00,65725f89-dc00-46db-b126-4db630c36a53
24-02-2025,14:55,24-02-2025,INVESCO EQQQ NASDAQ-100 UCITS ETF DIST,IE0032077012,Währungswechsel (Einbuchung),,CHF,2381.29,CHF,4325.97,65725f89-dc00-46db-b126-4db630c36a53
24-02-2025,14:55,24-02-2025,INVESCO EQQQ NASDAQ-100 UCITS ETF DIST,IE0032077012,DEGIRO Transaktionsgebühren und/oder Fremdkosten,,CHF,-2.83,CHF,1944.68,65725f89-dc00-46db-b126-4db630c36a53
24-02-2025,14:55,24-02-2025,INVESCO EQQQ NASDAQ-100 UCITS ETF DIST,IE0032077012,Verkauf 5 zu je 507.6 EUR (IE0032077012),,EUR,2538.00,EUR,2538.00,65725f89-dc00-46db-b126-4db630c36a53
24-02-2025,10:32,24-02-2025,ISHARES STOXX EUROPE 600 UCITS ETF (DE),DE0002635307,Währungswechsel (Ausbuchung),1.0648,EUR,-1815.00,EUR,0.00,904129b4-c894-49ff-b4d4-49209f717895
24-02-2025,10:32,24-02-2025,ISHARES STOXX EUROPE 600 UCITS ETF (DE),DE0002635307,Währungswechsel (Einbuchung),,CHF,1704.56,CHF,1947.51,904129b4-c894-49ff-b4d4-49209f717895
24-02-2025,10:32,24-02-2025,ISHARES STOXX EUROPE 600 UCITS ETF (DE),DE0002635307,DEGIRO Transaktionsgebühren und/oder Fremdkosten,,CHF,-2.83,CHF,242.95,904129b4-c894-49ff-b4d4-49209f717895
24-02-2025,10:32,24-02-2025,ISHARES STOXX EUROPE 600 UCITS ETF (DE),DE0002635307,Verkauf 33 zu je 55 EUR (DE0002635307),,EUR,1815.00,EUR,1815.00,904129b4-c894-49ff-b4d4-49209f717895
21-02-2025,18:11,21-02-2025,,,Degiro Cash Sweep Transfer,,CHF,-3.65,CHF,245.78,
21-02-2025,18:11,21-02-2025,,,Überweisung auf Ihr Geldkonto bei der flatexDEGIRO Bank: 3.65 CHF,,,,CHF,249.43,
21-02-2025,06:55,20-02-2025,,,Währungswechsel (Einbuchung),,CHF,3.65,CHF,245.78,
21-02-2025,06:55,20-02-2025,,,Währungswechsel (Ausbuchung),1.0633,EUR,-3.88,EUR,0.00,
20-02-2025,06:57,19-02-2025,ASML HOLDING NV,NL0010273215,Dividende,,EUR,4.56,EUR,3.88,
20-02-2025,06:57,19-02-2025,ASML HOLDING NV,NL0010273215,Dividendensteuer,,EUR,-0.68,EUR,-0.68,
14-02-2025,18:42,14-02-2025,,,Überweisung auf Ihr Geldkonto bei der flatexDEGIRO Bank: 10.8 CHF,,,,CHF,242.13,
14-02-2025,18:42,14-02-2025,,,Degiro Cash Sweep Transfer,,CHF,-10.80,CHF,231.33,
14-02-2025,06:51,13-02-2025,,,Währungswechsel (Einbuchung),,CHF,10.80,CHF,242.13,
14-02-2025,06:51,13-02-2025,,,Währungswechsel (Ausbuchung),1.1101,USD,-11.99,USD,0.00,
13-02-2025,07:11,12-02-2025,UBS ETF (IE) MSCI WORLD UCITS ETF (USD),IE00B7KQ7B66,Dividende,,USD,11.99,USD,11.99,
08-02-2025,02:30,07-02-2025,,,Auszahlung von Ihrem Geldkonto bei der flatexDEGIRO Bank: 7.06 CHF,,,,CHF,231.33,
08-02-2025,02:30,07-02-2025,,,Degiro Cash Sweep Transfer,,CHF,7.06,CHF,238.39,
07-02-2025,07:01,06-02-2025,,,Währungswechsel (Ausbuchung),,CHF,-7.06,CHF,231.33,
07-02-2025,07:01,06-02-2025,,,Währungswechsel (Einbuchung),1.0616,EUR,7.50,EUR,0.00,
06-02-2025,17:17,31-01-2025,,,Einrichtung von Handelsmodalitäten 2025 (Nasdaq - NDQ),,EUR,-2.50,EUR,-7.50,
06-02-2025,17:17,31-01-2025,,,Einrichtung von Handelsmodalitäten 2025 (Tradegate AG - TDG),,EUR,-2.50,EUR,-5.00,
06-02-2025,17:17,31-01-2025,,,Einrichtung von Handelsmodalitäten 2025 (Xetra - XET),,EUR,-2.50,EUR,-2.50,
11-01-2025,10:01,02-01-2025,,,Flatex Interest Income,,CHF,0.00,CHF,238.39,
09-01-2025,06:51,02-01-2025,,,Flatex Interest Income,,EUR,0.00,EUR,0.00,
03-01-2025,03:46,02-01-2025,FLATEX CHF BANKACCOUNT,NLFLATEXACNT,Degiro Cash Sweep Transfer,,CHF,-2.82,CHF,238.39,
03-01-2025,03:46,02-01-2025,,,Überweisung auf Ihr Geldkonto bei der flatexDEGIRO Bank: 2.82 CHF,,,,CHF,241.21,
